timestamp	event
33623189	CameraSensor::SetupPasses
34850954	CameraSensor::RequestFrame
35366323	CameraRGBDSensor::StartPublishRGB
35367266	CameraRGBDSensor::EndPublishRGB
35481573	CameraSensor::RequestFrame
35747540	CameraSensor::RequestFrame
35820046	CameraRGBDSensor::StartPublishRGB
35821721	CameraRGBDSensor::EndPublishRGB
35838976	CameraSensor::RequestFrame
35915734	CameraRGBDSensor::StartPublishRGB
35916248	CameraRGBDSensor::EndPublishRGB
35943501	CameraSensor::RequestFrame
36051553	CameraRGBDSensor::StartPublishRGB
36052733	CameraRGBDSensor::EndPublishRGB
36160939	CameraSensor::RequestFrame
36193746	CameraRGBDSensor::StartPublishRGB
36194439	CameraRGBDSensor::EndPublishRGB
36344161	CameraSensor::RequestFrame
36381084	CameraSensor::RequestFrame
36391904	CameraRGBDSensor::StartPublishRGB
36392366	CameraRGBDSensor::EndPublishRGB
36473880	CameraRGBDSensor::StartPublishRGB
36474754	CameraRGBDSensor::EndPublishRGB
36538237	CameraSensor::RequestFrame
36550017	CameraRGBDSensor::StartPublishRGB
36550484	CameraRGBDSensor::EndPublishRGB
36575009	CameraSensor::RequestFrame
36609358	CameraSensor::RequestFrame
36639549	CameraRGBDSensor::StartPublishRGB
36640059	CameraRGBDSensor::EndPublishRGB
36648218	CameraSensor::RequestFrame
36715048	CameraRGBDSensor::StartPublishRGB
36715438	CameraRGBDSensor::EndPublishRGB
36718480	CameraSensor::RequestFrame
36793049	CameraRGBDSensor::StartPublishRGB
36793508	CameraRGBDSensor::EndPublishRGB
36800297	CameraSensor::RequestFrame
36876750	CameraRGBDSensor::StartPublishRGB
36877548	CameraRGBDSensor::EndPublishRGB
36879959	CameraSensor::RequestFrame
36956325	CameraRGBDSensor::StartPublishRGB
36956751	CameraRGBDSensor::EndPublishRGB
36959290	CameraSensor::RequestFrame
37036008	CameraRGBDSensor::StartPublishRGB
37036393	CameraRGBDSensor::EndPublishRGB
37040005	CameraSensor::RequestFrame
37113732	CameraRGBDSensor::StartPublishRGB
37114146	CameraRGBDSensor::EndPublishRGB
37117018	CameraSensor::RequestFrame
37193881	CameraRGBDSensor::StartPublishRGB
37194300	CameraRGBDSensor::EndPublishRGB
37197348	CameraSensor::RequestFrame
37274075	CameraRGBDSensor::StartPublishRGB
37274494	CameraRGBDSensor::EndPublishRGB
37277264	CameraSensor::RequestFrame
37356699	CameraRGBDSensor::StartPublishRGB
37357066	CameraRGBDSensor::EndPublishRGB
37357289	CameraSensor::RequestFrame
37433568	CameraRGBDSensor::StartPublishRGB
37433998	CameraRGBDSensor::EndPublishRGB
37436992	CameraSensor::RequestFrame
37513798	CameraRGBDSensor::StartPublishRGB
37514232	CameraRGBDSensor::EndPublishRGB
37517370	CameraSensor::RequestFrame
37590357	CameraRGBDSensor::StartPublishRGB
37590784	CameraRGBDSensor::EndPublishRGB
37593303	CameraSensor::RequestFrame
37666009	CameraRGBDSensor::StartPublishRGB
37666430	CameraRGBDSensor::EndPublishRGB
37669007	CameraSensor::RequestFrame
37741623	CameraRGBDSensor::StartPublishRGB
37742099	CameraRGBDSensor::EndPublishRGB
37744421	CameraSensor::RequestFrame
37821364	CameraRGBDSensor::StartPublishRGB
37821753	CameraRGBDSensor::EndPublishRGB
37824582	CameraSensor::RequestFrame
37899133	CameraRGBDSensor::StartPublishRGB
37899577	CameraRGBDSensor::EndPublishRGB
37980051	CameraSensor::RequestFrame
37980652	CameraRGBDSensor::StartPublishRGB
37981034	CameraRGBDSensor::EndPublishRGB
38014220	CameraSensor::RequestFrame
38063083	CameraRGBDSensor::StartPublishRGB
38063169	CameraSensor::RequestFrame
38063503	CameraRGBDSensor::EndPublishRGB
38141051	CameraRGBDSensor::StartPublishRGB
38141729	CameraRGBDSensor::EndPublishRGB
38142076	CameraSensor::RequestFrame
38217385	CameraRGBDSensor::StartPublishRGB
38217857	CameraRGBDSensor::EndPublishRGB
38219637	CameraSensor::RequestFrame
38299301	CameraRGBDSensor::StartPublishRGB
38299730	CameraRGBDSensor::EndPublishRGB
38301761	CameraSensor::RequestFrame
38374462	CameraRGBDSensor::StartPublishRGB
38374885	CameraRGBDSensor::EndPublishRGB
38377769	CameraSensor::RequestFrame
38455126	CameraRGBDSensor::StartPublishRGB
38455540	CameraRGBDSensor::EndPublishRGB
38457997	CameraSensor::RequestFrame
38537766	CameraRGBDSensor::StartPublishRGB
38538223	CameraRGBDSensor::EndPublishRGB
38538421	CameraSensor::RequestFrame
38617907	CameraSensor::RequestFrame
38618710	CameraRGBDSensor::StartPublishRGB
38619336	CameraRGBDSensor::EndPublishRGB
38697961	CameraRGBDSensor::StartPublishRGB
38698367	CameraRGBDSensor::EndPublishRGB
38700915	CameraSensor::RequestFrame
38776553	CameraRGBDSensor::StartPublishRGB
38776960	CameraRGBDSensor::EndPublishRGB
38779618	CameraSensor::RequestFrame
38856672	CameraRGBDSensor::StartPublishRGB
38857130	CameraRGBDSensor::EndPublishRGB
38859595	CameraSensor::RequestFrame
38940407	CameraRGBDSensor::StartPublishRGB
38940880	CameraRGBDSensor::EndPublishRGB
38947079	CameraSensor::RequestFrame
39023792	CameraRGBDSensor::StartPublishRGB
39024235	CameraRGBDSensor::EndPublishRGB
39026544	CameraSensor::RequestFrame
39104613	CameraRGBDSensor::StartPublishRGB
39105030	CameraRGBDSensor::EndPublishRGB
39107417	CameraSensor::RequestFrame
39185717	CameraRGBDSensor::StartPublishRGB
39186151	CameraRGBDSensor::EndPublishRGB
39189237	CameraSensor::RequestFrame
39267093	CameraRGBDSensor::StartPublishRGB
39267556	CameraRGBDSensor::EndPublishRGB
39270666	CameraSensor::RequestFrame
39343570	CameraRGBDSensor::StartPublishRGB
39343994	CameraRGBDSensor::EndPublishRGB
39347000	CameraSensor::RequestFrame
39422414	CameraRGBDSensor::StartPublishRGB
39422871	CameraRGBDSensor::EndPublishRGB
39426311	CameraSensor::RequestFrame
39503910	CameraRGBDSensor::StartPublishRGB
39504366	CameraRGBDSensor::EndPublishRGB
39504547	CameraSensor::RequestFrame
39583764	CameraRGBDSensor::StartPublishRGB
39584453	CameraRGBDSensor::EndPublishRGB
39586968	CameraSensor::RequestFrame
39662272	CameraRGBDSensor::StartPublishRGB
39662693	CameraRGBDSensor::EndPublishRGB
39665820	CameraSensor::RequestFrame
39740362	CameraRGBDSensor::StartPublishRGB
39740813	CameraRGBDSensor::EndPublishRGB
39744287	CameraSensor::RequestFrame
39816638	CameraRGBDSensor::StartPublishRGB
39817015	CameraRGBDSensor::EndPublishRGB
39820324	CameraSensor::RequestFrame
39902079	CameraRGBDSensor::StartPublishRGB
39903583	CameraRGBDSensor::EndPublishRGB
39907546	CameraSensor::RequestFrame
39984475	CameraRGBDSensor::StartPublishRGB
39985505	CameraRGBDSensor::EndPublishRGB
39988229	CameraSensor::RequestFrame
40064199	CameraRGBDSensor::StartPublishRGB
40065267	CameraRGBDSensor::EndPublishRGB
40069095	CameraSensor::RequestFrame
40146944	CameraRGBDSensor::StartPublishRGB
40148085	CameraRGBDSensor::EndPublishRGB
40150723	CameraSensor::RequestFrame
40230348	CameraRGBDSensor::StartPublishRGB
40231426	CameraRGBDSensor::EndPublishRGB
40239714	CameraSensor::RequestFrame
40317181	CameraSensor::RequestFrame
40318787	CameraRGBDSensor::StartPublishRGB
40320342	CameraRGBDSensor::EndPublishRGB
40392531	CameraRGBDSensor::StartPublishRGB
40393499	CameraRGBDSensor::EndPublishRGB
40397529	CameraSensor::RequestFrame
40477758	CameraRGBDSensor::StartPublishRGB
40478172	CameraRGBDSensor::EndPublishRGB
40485084	CameraSensor::RequestFrame
40556919	CameraRGBDSensor::StartPublishRGB
40558044	CameraRGBDSensor::EndPublishRGB
40562346	CameraSensor::RequestFrame
40647193	CameraRGBDSensor::StartPublishRGB
40649251	CameraRGBDSensor::EndPublishRGB
40659833	CameraSensor::RequestFrame
40725427	CameraRGBDSensor::StartPublishRGB
40726320	CameraRGBDSensor::EndPublishRGB
40729861	CameraSensor::RequestFrame
40813610	CameraRGBDSensor::StartPublishRGB
40816099	CameraRGBDSensor::EndPublishRGB
40819062	CameraSensor::RequestFrame
40887864	CameraRGBDSensor::StartPublishRGB
40888369	CameraRGBDSensor::EndPublishRGB
40892224	CameraSensor::RequestFrame
40974102	CameraRGBDSensor::StartPublishRGB
40975478	CameraRGBDSensor::EndPublishRGB
40979799	CameraSensor::RequestFrame
41057112	CameraRGBDSensor::StartPublishRGB
41057859	CameraRGBDSensor::EndPublishRGB
41060744	CameraSensor::RequestFrame
41145615	CameraRGBDSensor::StartPublishRGB
41147505	CameraRGBDSensor::EndPublishRGB
41148264	CameraSensor::RequestFrame
41219910	CameraRGBDSensor::StartPublishRGB
41220386	CameraRGBDSensor::EndPublishRGB
41221009	CameraSensor::RequestFrame
41307281	CameraRGBDSensor::StartPublishRGB
41309177	CameraRGBDSensor::EndPublishRGB
41310024	CameraSensor::RequestFrame
41379807	CameraRGBDSensor::StartPublishRGB
41380225	CameraRGBDSensor::EndPublishRGB
41383620	CameraSensor::RequestFrame
41466967	CameraRGBDSensor::StartPublishRGB
41468615	CameraRGBDSensor::EndPublishRGB
41471824	CameraSensor::RequestFrame
41545131	CameraRGBDSensor::StartPublishRGB
41546459	CameraRGBDSensor::EndPublishRGB
41548889	CameraSensor::RequestFrame
41630249	CameraRGBDSensor::StartPublishRGB
41631293	CameraRGBDSensor::EndPublishRGB
41633781	CameraSensor::RequestFrame
41709552	CameraRGBDSensor::StartPublishRGB
41710642	CameraRGBDSensor::EndPublishRGB
41714235	CameraSensor::RequestFrame
41791124	CameraRGBDSensor::StartPublishRGB
41791921	CameraRGBDSensor::EndPublishRGB
41795825	CameraSensor::RequestFrame
41883145	CameraRGBDSensor::StartPublishRGB
41883988	CameraRGBDSensor::EndPublishRGB
41896712	CameraSensor::RequestFrame
41961424	CameraRGBDSensor::StartPublishRGB
41962486	CameraRGBDSensor::EndPublishRGB
41965584	CameraSensor::RequestFrame
42043712	CameraRGBDSensor::StartPublishRGB
42044337	CameraRGBDSensor::EndPublishRGB
42046592	CameraSensor::RequestFrame
42129598	CameraRGBDSensor::StartPublishRGB
42130436	CameraRGBDSensor::EndPublishRGB
42133070	CameraSensor::RequestFrame
42216413	CameraRGBDSensor::StartPublishRGB
42217770	CameraRGBDSensor::EndPublishRGB
42220603	CameraSensor::RequestFrame
42294822	CameraRGBDSensor::StartPublishRGB
42295558	CameraRGBDSensor::EndPublishRGB
42298391	CameraSensor::RequestFrame
42374577	CameraRGBDSensor::StartPublishRGB
42375446	CameraRGBDSensor::EndPublishRGB
42377213	CameraSensor::RequestFrame
42456377	CameraRGBDSensor::StartPublishRGB
42457316	CameraRGBDSensor::EndPublishRGB
42459960	CameraSensor::RequestFrame
42543063	CameraRGBDSensor::StartPublishRGB
42545077	CameraRGBDSensor::EndPublishRGB
42568196	CameraSensor::RequestFrame
42620204	CameraRGBDSensor::StartPublishRGB
42620685	CameraRGBDSensor::EndPublishRGB
42623685	CameraSensor::RequestFrame
42698855	CameraRGBDSensor::StartPublishRGB
42700014	CameraRGBDSensor::EndPublishRGB
42702516	CameraSensor::RequestFrame
42783250	CameraRGBDSensor::StartPublishRGB
42784528	CameraRGBDSensor::EndPublishRGB
42794314	CameraSensor::RequestFrame
42861986	CameraRGBDSensor::StartPublishRGB
42862824	CameraRGBDSensor::EndPublishRGB
42865375	CameraSensor::RequestFrame
42948378	CameraRGBDSensor::StartPublishRGB
42949957	CameraRGBDSensor::EndPublishRGB
42953674	CameraSensor::RequestFrame
43041668	CameraRGBDSensor::StartPublishRGB
43044291	CameraRGBDSensor::EndPublishRGB
43063300	CameraSensor::RequestFrame
43116873	CameraRGBDSensor::StartPublishRGB
43117713	CameraRGBDSensor::EndPublishRGB
43131553	CameraSensor::RequestFrame
43196460	CameraRGBDSensor::StartPublishRGB
43197365	CameraRGBDSensor::EndPublishRGB
43200758	CameraSensor::RequestFrame
43281730	CameraRGBDSensor::StartPublishRGB
43283300	CameraRGBDSensor::EndPublishRGB
43287296	CameraSensor::RequestFrame
43358735	CameraRGBDSensor::StartPublishRGB
43359314	CameraRGBDSensor::EndPublishRGB
43363141	CameraSensor::RequestFrame
43438647	CameraRGBDSensor::StartPublishRGB
43439450	CameraRGBDSensor::EndPublishRGB
43442735	CameraSensor::RequestFrame
43519879	CameraRGBDSensor::StartPublishRGB
43520271	CameraRGBDSensor::EndPublishRGB
43521512	CameraSensor::RequestFrame
43601454	CameraRGBDSensor::StartPublishRGB
43603418	CameraRGBDSensor::EndPublishRGB
43606658	CameraSensor::RequestFrame
43676443	CameraRGBDSensor::StartPublishRGB
43677032	CameraRGBDSensor::EndPublishRGB
43685169	CameraSensor::RequestFrame
43756490	CameraRGBDSensor::StartPublishRGB
43756920	CameraRGBDSensor::EndPublishRGB
43759895	CameraSensor::RequestFrame
43844787	CameraRGBDSensor::StartPublishRGB
43846664	CameraRGBDSensor::EndPublishRGB
43848231	CameraSensor::RequestFrame
43915958	CameraRGBDSensor::StartPublishRGB
43916567	CameraRGBDSensor::EndPublishRGB
43925952	CameraSensor::RequestFrame
44005578	CameraRGBDSensor::StartPublishRGB
44007173	CameraRGBDSensor::EndPublishRGB
44010961	CameraSensor::RequestFrame
44090487	CameraRGBDSensor::StartPublishRGB
44090584	CameraSensor::RequestFrame
44090928	CameraRGBDSensor::EndPublishRGB
44174179	CameraRGBDSensor::StartPublishRGB
44176232	CameraRGBDSensor::EndPublishRGB
44179117	CameraSensor::RequestFrame
44257771	CameraRGBDSensor::StartPublishRGB
44260235	CameraRGBDSensor::EndPublishRGB
44293501	CameraSensor::RequestFrame
44337254	CameraRGBDSensor::StartPublishRGB
44338206	CameraRGBDSensor::EndPublishRGB
44355490	CameraSensor::RequestFrame
44420052	CameraRGBDSensor::StartPublishRGB
44421067	CameraRGBDSensor::EndPublishRGB
44423897	CameraSensor::RequestFrame
44503851	CameraRGBDSensor::StartPublishRGB
44504915	CameraRGBDSensor::EndPublishRGB
44508276	CameraSensor::RequestFrame
44585125	CameraRGBDSensor::StartPublishRGB
44586050	CameraRGBDSensor::EndPublishRGB
44596039	CameraSensor::RequestFrame
44671484	CameraSensor::RequestFrame
44672558	CameraRGBDSensor::StartPublishRGB
44674348	CameraRGBDSensor::EndPublishRGB
44756909	CameraRGBDSensor::StartPublishRGB
44757920	CameraRGBDSensor::EndPublishRGB
44759224	CameraSensor::RequestFrame
44839139	CameraRGBDSensor::StartPublishRGB
44840081	CameraRGBDSensor::EndPublishRGB
44844913	CameraSensor::RequestFrame
44913363	CameraRGBDSensor::StartPublishRGB
44914376	CameraRGBDSensor::EndPublishRGB
44918134	CameraSensor::RequestFrame
44995811	CameraRGBDSensor::StartPublishRGB
44996261	CameraRGBDSensor::EndPublishRGB
44998463	CameraSensor::RequestFrame
45076124	CameraRGBDSensor::StartPublishRGB
45076935	CameraRGBDSensor::EndPublishRGB
45150554	CameraRGBDSensor::StartPublishRGB
45150952	CameraRGBDSensor::EndPublishRGB
45174345	CameraSensor::RequestFrame
45237536	CameraRGBDSensor::StartPublishRGB
45238561	CameraRGBDSensor::EndPublishRGB
45246362	CameraSensor::RequestFrame
45303529	CameraSensor::RequestFrame
45321733	CameraRGBDSensor::StartPublishRGB
45322509	CameraRGBDSensor::EndPublishRGB
45347550	CameraSensor::RequestFrame
45408337	CameraRGBDSensor::StartPublishRGB
45409116	CameraRGBDSensor::EndPublishRGB
45411154	CameraSensor::RequestFrame
45495410	CameraRGBDSensor::StartPublishRGB
45497014	CameraRGBDSensor::EndPublishRGB
45501157	CameraSensor::RequestFrame
45580995	CameraRGBDSensor::StartPublishRGB
45582354	CameraRGBDSensor::EndPublishRGB
45601612	CameraSensor::RequestFrame
45656496	CameraRGBDSensor::StartPublishRGB
45656930	CameraRGBDSensor::EndPublishRGB
45659906	CameraSensor::RequestFrame
45737976	CameraRGBDSensor::StartPublishRGB
45738898	CameraRGBDSensor::EndPublishRGB
45742496	CameraSensor::RequestFrame
45824267	CameraRGBDSensor::StartPublishRGB
45825010	CameraRGBDSensor::EndPublishRGB
45832920	CameraSensor::RequestFrame
45909944	CameraRGBDSensor::StartPublishRGB
45910523	CameraSensor::RequestFrame
45911552	CameraRGBDSensor::EndPublishRGB
45993030	CameraRGBDSensor::StartPublishRGB
45993942	CameraRGBDSensor::EndPublishRGB
46007262	CameraSensor::RequestFrame
46068300	CameraRGBDSensor::StartPublishRGB
46068903	CameraRGBDSensor::EndPublishRGB
46071318	CameraSensor::RequestFrame
46157224	CameraRGBDSensor::StartPublishRGB
46158558	CameraRGBDSensor::EndPublishRGB
46162496	CameraSensor::RequestFrame
46238458	CameraRGBDSensor::StartPublishRGB
46238955	CameraRGBDSensor::EndPublishRGB
46242455	CameraSensor::RequestFrame
46314076	CameraRGBDSensor::StartPublishRGB
46314994	CameraRGBDSensor::EndPublishRGB
46318508	CameraSensor::RequestFrame
46395785	CameraRGBDSensor::StartPublishRGB
46397082	CameraRGBDSensor::EndPublishRGB
46398595	CameraSensor::RequestFrame
46478849	CameraRGBDSensor::StartPublishRGB
46480617	CameraRGBDSensor::EndPublishRGB
46504910	CameraSensor::RequestFrame
46555362	CameraRGBDSensor::StartPublishRGB
46555919	CameraRGBDSensor::EndPublishRGB
46558356	CameraSensor::RequestFrame
46645063	CameraRGBDSensor::StartPublishRGB
46646637	CameraRGBDSensor::EndPublishRGB
46650318	CameraSensor::RequestFrame
46722725	CameraRGBDSensor::StartPublishRGB
46723293	CameraRGBDSensor::EndPublishRGB
46725909	CameraSensor::RequestFrame
46804298	CameraRGBDSensor::StartPublishRGB
46804808	CameraRGBDSensor::EndPublishRGB
46807236	CameraSensor::RequestFrame
46885013	CameraRGBDSensor::StartPublishRGB
46886305	CameraRGBDSensor::EndPublishRGB
46890571	CameraSensor::RequestFrame
46973675	CameraSensor::RequestFrame
46976004	CameraRGBDSensor::StartPublishRGB
46977150	CameraRGBDSensor::EndPublishRGB
47053708	CameraRGBDSensor::StartPublishRGB
47055139	CameraRGBDSensor::EndPublishRGB
47058721	CameraSensor::RequestFrame
47134243	CameraRGBDSensor::StartPublishRGB
47135095	CameraRGBDSensor::EndPublishRGB
47137741	CameraSensor::RequestFrame
47211646	CameraRGBDSensor::StartPublishRGB
47212961	CameraRGBDSensor::EndPublishRGB
47213224	CameraSensor::RequestFrame
47293129	CameraRGBDSensor::StartPublishRGB
47293526	CameraRGBDSensor::EndPublishRGB
47369999	CameraRGBDSensor::StartPublishRGB
47370371	CameraRGBDSensor::EndPublishRGB
47374325	CameraSensor::RequestFrame
47407553	CameraSensor::RequestFrame
47450911	CameraRGBDSensor::StartPublishRGB
47451352	CameraRGBDSensor::EndPublishRGB
47453415	CameraSensor::RequestFrame
47539028	CameraRGBDSensor::StartPublishRGB
47539438	CameraRGBDSensor::EndPublishRGB
47607835	CameraSensor::RequestFrame
47617816	CameraRGBDSensor::StartPublishRGB
47618241	CameraRGBDSensor::EndPublishRGB
47700298	CameraRGBDSensor::StartPublishRGB
47700822	CameraRGBDSensor::EndPublishRGB
47707418	CameraSensor::RequestFrame
47755511	CameraSensor::RequestFrame
47775589	CameraRGBDSensor::StartPublishRGB
47776396	CameraRGBDSensor::EndPublishRGB
47861487	CameraRGBDSensor::StartPublishRGB
47861887	CameraRGBDSensor::EndPublishRGB
47874258	CameraSensor::RequestFrame
47925588	CameraSensor::RequestFrame
47940076	CameraRGBDSensor::StartPublishRGB
47940558	CameraRGBDSensor::EndPublishRGB
48029281	CameraRGBDSensor::StartPublishRGB
48029856	CameraRGBDSensor::EndPublishRGB
48041415	CameraSensor::RequestFrame
48081142	CameraSensor::RequestFrame
48110879	CameraRGBDSensor::StartPublishRGB
48111714	CameraRGBDSensor::EndPublishRGB
48196267	CameraRGBDSensor::StartPublishRGB
48196670	CameraRGBDSensor::EndPublishRGB
48213031	CameraSensor::RequestFrame
48274931	CameraSensor::RequestFrame
48281612	CameraRGBDSensor::StartPublishRGB
48282026	CameraRGBDSensor::EndPublishRGB
48310845	CameraSensor::RequestFrame
48362206	CameraRGBDSensor::StartPublishRGB
48362707	CameraRGBDSensor::EndPublishRGB
48365171	CameraSensor::RequestFrame
48452290	CameraRGBDSensor::StartPublishRGB
48454115	CameraRGBDSensor::EndPublishRGB
48455737	CameraSensor::RequestFrame
48532065	CameraRGBDSensor::StartPublishRGB
48532723	CameraRGBDSensor::EndPublishRGB
48534147	CameraSensor::RequestFrame
48622404	CameraRGBDSensor::StartPublishRGB
48622821	CameraSensor::RequestFrame
48623960	CameraRGBDSensor::EndPublishRGB
48700955	CameraRGBDSensor::StartPublishRGB
48701398	CameraRGBDSensor::EndPublishRGB
48704102	CameraSensor::RequestFrame
48790086	CameraRGBDSensor::StartPublishRGB
48791683	CameraRGBDSensor::EndPublishRGB
48796192	CameraSensor::RequestFrame
48870885	CameraRGBDSensor::StartPublishRGB
48871833	CameraRGBDSensor::EndPublishRGB
48876541	CameraSensor::RequestFrame
48957052	CameraRGBDSensor::StartPublishRGB
48957908	CameraRGBDSensor::EndPublishRGB
48961275	CameraSensor::RequestFrame
49043027	CameraRGBDSensor::StartPublishRGB
49044627	CameraRGBDSensor::EndPublishRGB
49048481	CameraSensor::RequestFrame
49127728	CameraRGBDSensor::StartPublishRGB
49129624	CameraRGBDSensor::EndPublishRGB
49158520	CameraSensor::RequestFrame
49216233	CameraRGBDSensor::StartPublishRGB
49216991	CameraRGBDSensor::EndPublishRGB
49217249	CameraSensor::RequestFrame
49299534	CameraRGBDSensor::StartPublishRGB
49301350	CameraRGBDSensor::EndPublishRGB
49304329	CameraSensor::RequestFrame
49383370	CameraRGBDSensor::StartPublishRGB
49384206	CameraRGBDSensor::EndPublishRGB
49389861	CameraSensor::RequestFrame
49475021	CameraRGBDSensor::StartPublishRGB
49476385	CameraRGBDSensor::EndPublishRGB
49479465	CameraSensor::RequestFrame
49564082	CameraRGBDSensor::StartPublishRGB
49564947	CameraRGBDSensor::EndPublishRGB
49568369	CameraSensor::RequestFrame
49645929	CameraRGBDSensor::StartPublishRGB
49646850	CameraRGBDSensor::EndPublishRGB
49650063	CameraSensor::RequestFrame
49729202	CameraRGBDSensor::StartPublishRGB
49730208	CameraRGBDSensor::EndPublishRGB
49734142	CameraSensor::RequestFrame
49817087	CameraRGBDSensor::StartPublishRGB
49818471	CameraRGBDSensor::EndPublishRGB
49822520	CameraSensor::RequestFrame
49896679	CameraRGBDSensor::StartPublishRGB
49897456	CameraRGBDSensor::EndPublishRGB
49900818	CameraSensor::RequestFrame
49978458	CameraRGBDSensor::StartPublishRGB
49979069	CameraRGBDSensor::EndPublishRGB
49981523	CameraSensor::RequestFrame
50068968	CameraRGBDSensor::StartPublishRGB
50070139	CameraRGBDSensor::EndPublishRGB
50073376	CameraSensor::RequestFrame
50147651	CameraRGBDSensor::StartPublishRGB
50148046	CameraRGBDSensor::EndPublishRGB
50150593	CameraSensor::RequestFrame
50236930	CameraRGBDSensor::StartPublishRGB
50238649	CameraRGBDSensor::EndPublishRGB
50243683	CameraSensor::RequestFrame
50319122	CameraRGBDSensor::StartPublishRGB
50319919	CameraRGBDSensor::EndPublishRGB
50333031	CameraSensor::RequestFrame
50402199	CameraRGBDSensor::StartPublishRGB
50403401	CameraRGBDSensor::EndPublishRGB
50407505	CameraSensor::RequestFrame
50489824	CameraRGBDSensor::StartPublishRGB
50490879	CameraRGBDSensor::EndPublishRGB
50494565	CameraSensor::RequestFrame
50576991	CameraRGBDSensor::StartPublishRGB
50578189	CameraRGBDSensor::EndPublishRGB
50603187	CameraSensor::RequestFrame
50658830	CameraRGBDSensor::StartPublishRGB
50659708	CameraRGBDSensor::EndPublishRGB
50663666	CameraSensor::RequestFrame
50746712	CameraRGBDSensor::StartPublishRGB
50747928	CameraRGBDSensor::EndPublishRGB
50750330	CameraSensor::RequestFrame
50833145	CameraRGBDSensor::StartPublishRGB
50834651	CameraRGBDSensor::EndPublishRGB
50838148	CameraSensor::RequestFrame
50908539	CameraRGBDSensor::StartPublishRGB
50909659	CameraRGBDSensor::EndPublishRGB
50912418	CameraSensor::RequestFrame
50998968	CameraRGBDSensor::StartPublishRGB
51000650	CameraRGBDSensor::EndPublishRGB
51005570	CameraSensor::RequestFrame
51082999	CameraRGBDSensor::StartPublishRGB
51084125	CameraRGBDSensor::EndPublishRGB
51087318	CameraSensor::RequestFrame
51174133	CameraRGBDSensor::StartPublishRGB
51175896	CameraRGBDSensor::EndPublishRGB
51179505	CameraSensor::RequestFrame
51256673	CameraRGBDSensor::StartPublishRGB
51257189	CameraRGBDSensor::EndPublishRGB
51336199	CameraSensor::RequestFrame
51337002	CameraRGBDSensor::StartPublishRGB
51337390	CameraRGBDSensor::EndPublishRGB
51383346	CameraSensor::RequestFrame
51417528	CameraRGBDSensor::StartPublishRGB
51418098	CameraRGBDSensor::EndPublishRGB
51433772	CameraSensor::RequestFrame
51503406	CameraRGBDSensor::StartPublishRGB
51503810	CameraRGBDSensor::EndPublishRGB
51506742	CameraSensor::RequestFrame
51592419	CameraRGBDSensor::StartPublishRGB
51594411	CameraRGBDSensor::EndPublishRGB
51598610	CameraSensor::RequestFrame
51676995	CameraRGBDSensor::StartPublishRGB
51678065	CameraRGBDSensor::EndPublishRGB
51681805	CameraSensor::RequestFrame
51760244	CameraRGBDSensor::StartPublishRGB
51761605	CameraRGBDSensor::EndPublishRGB
51765602	CameraSensor::RequestFrame
51845152	CameraRGBDSensor::StartPublishRGB
51846998	CameraRGBDSensor::EndPublishRGB
51862479	CameraSensor::RequestFrame
51929572	CameraRGBDSensor::StartPublishRGB
51930272	CameraRGBDSensor::EndPublishRGB
51932890	CameraSensor::RequestFrame
52020580	CameraRGBDSensor::StartPublishRGB
52022481	CameraRGBDSensor::EndPublishRGB
52026440	CameraSensor::RequestFrame
52104785	CameraRGBDSensor::StartPublishRGB
52105585	CameraRGBDSensor::EndPublishRGB
52108623	CameraSensor::RequestFrame
52192561	CameraRGBDSensor::StartPublishRGB
52193531	CameraRGBDSensor::EndPublishRGB
52209802	CameraSensor::RequestFrame
52278813	CameraRGBDSensor::StartPublishRGB
52279695	CameraRGBDSensor::EndPublishRGB
52282250	CameraSensor::RequestFrame
52366308	CameraRGBDSensor::StartPublishRGB
52368047	CameraRGBDSensor::EndPublishRGB
52370355	CameraSensor::RequestFrame
52449510	CameraRGBDSensor::StartPublishRGB
52450303	CameraRGBDSensor::EndPublishRGB
52452011	CameraSensor::RequestFrame
52530557	CameraRGBDSensor::StartPublishRGB
52531773	CameraRGBDSensor::EndPublishRGB
52536108	CameraSensor::RequestFrame
52614854	CameraRGBDSensor::StartPublishRGB
52615450	CameraRGBDSensor::EndPublishRGB
52618573	CameraSensor::RequestFrame
52707159	CameraRGBDSensor::StartPublishRGB
52709268	CameraRGBDSensor::EndPublishRGB
52710422	CameraSensor::RequestFrame
52783546	CameraRGBDSensor::StartPublishRGB
52784704	CameraRGBDSensor::EndPublishRGB
52788580	CameraSensor::RequestFrame
52872265	CameraRGBDSensor::StartPublishRGB
52873592	CameraRGBDSensor::EndPublishRGB
52875472	CameraSensor::RequestFrame
52954168	CameraRGBDSensor::StartPublishRGB
52955654	CameraRGBDSensor::EndPublishRGB
52967838	CameraSensor::RequestFrame
53035800	CameraRGBDSensor::StartPublishRGB
53037079	CameraRGBDSensor::EndPublishRGB
53040063	CameraSensor::RequestFrame
53125065	CameraRGBDSensor::StartPublishRGB
53126554	CameraRGBDSensor::EndPublishRGB
53129120	CameraSensor::RequestFrame
53203919	CameraRGBDSensor::StartPublishRGB
53204510	CameraRGBDSensor::EndPublishRGB
53208255	CameraSensor::RequestFrame
53294070	CameraRGBDSensor::StartPublishRGB
53295226	CameraRGBDSensor::EndPublishRGB
53296767	CameraSensor::RequestFrame
53394095	CameraRGBDSensor::StartPublishRGB
53396659	CameraRGBDSensor::EndPublishRGB
53414501	CameraSensor::RequestFrame
53465078	CameraRGBDSensor::StartPublishRGB
53465668	CameraRGBDSensor::EndPublishRGB
53476360	CameraSensor::RequestFrame
53552725	CameraRGBDSensor::StartPublishRGB
53554458	CameraRGBDSensor::EndPublishRGB
53557938	CameraSensor::RequestFrame
53641090	CameraRGBDSensor::StartPublishRGB
53642274	CameraRGBDSensor::EndPublishRGB
53646836	CameraSensor::RequestFrame
53730330	CameraRGBDSensor::StartPublishRGB
53731375	CameraRGBDSensor::EndPublishRGB
53735168	CameraSensor::RequestFrame
53814157	CameraRGBDSensor::StartPublishRGB
53815207	CameraRGBDSensor::EndPublishRGB
53818548	CameraSensor::RequestFrame
53894046	CameraRGBDSensor::StartPublishRGB
53894677	CameraRGBDSensor::EndPublishRGB
53897869	CameraSensor::RequestFrame
53978489	CameraRGBDSensor::StartPublishRGB
53979319	CameraRGBDSensor::EndPublishRGB
53990143	CameraSensor::RequestFrame
54065246	CameraRGBDSensor::StartPublishRGB
54066333	CameraRGBDSensor::EndPublishRGB
54069565	CameraSensor::RequestFrame
54147387	CameraRGBDSensor::StartPublishRGB
54148070	CameraRGBDSensor::EndPublishRGB
54151139	CameraSensor::RequestFrame
54234478	CameraRGBDSensor::StartPublishRGB
54236160	CameraRGBDSensor::EndPublishRGB
54239838	CameraSensor::RequestFrame
54310213	CameraRGBDSensor::StartPublishRGB
54310613	CameraRGBDSensor::EndPublishRGB
54314004	CameraSensor::RequestFrame
54399916	CameraRGBDSensor::StartPublishRGB
54401857	CameraRGBDSensor::EndPublishRGB
54404255	CameraSensor::RequestFrame
54479909	CameraRGBDSensor::StartPublishRGB
54480730	CameraRGBDSensor::EndPublishRGB
54483510	CameraSensor::RequestFrame
54560887	CameraRGBDSensor::StartPublishRGB
54561453	CameraRGBDSensor::EndPublishRGB
54564606	CameraSensor::RequestFrame
54652332	CameraRGBDSensor::StartPublishRGB
54654127	CameraRGBDSensor::EndPublishRGB
54657457	CameraSensor::RequestFrame
54741415	CameraRGBDSensor::StartPublishRGB
54744343	CameraRGBDSensor::EndPublishRGB
54763978	CameraSensor::RequestFrame
54818076	CameraRGBDSensor::StartPublishRGB
54819641	CameraRGBDSensor::EndPublishRGB
54831836	CameraSensor::RequestFrame
54897435	CameraRGBDSensor::StartPublishRGB
54898393	CameraRGBDSensor::EndPublishRGB
54901697	CameraSensor::RequestFrame
54980634	CameraRGBDSensor::StartPublishRGB
54981071	CameraRGBDSensor::EndPublishRGB
54984626	CameraSensor::RequestFrame
55070615	CameraRGBDSensor::StartPublishRGB
55072406	CameraRGBDSensor::EndPublishRGB
55076137	CameraSensor::RequestFrame
55155404	CameraRGBDSensor::StartPublishRGB
55156271	CameraRGBDSensor::EndPublishRGB
55163642	CameraSensor::RequestFrame
55233357	CameraRGBDSensor::StartPublishRGB
55233773	CameraRGBDSensor::EndPublishRGB
55236383	CameraSensor::RequestFrame
55318987	CameraRGBDSensor::StartPublishRGB
55320988	CameraRGBDSensor::EndPublishRGB
55323344	CameraSensor::RequestFrame
55403418	CameraRGBDSensor::StartPublishRGB
55404952	CameraRGBDSensor::EndPublishRGB
55409578	CameraSensor::RequestFrame
55488663	CameraRGBDSensor::StartPublishRGB
55489859	CameraRGBDSensor::EndPublishRGB
55494002	CameraSensor::RequestFrame
55578951	CameraRGBDSensor::StartPublishRGB
55580661	CameraRGBDSensor::EndPublishRGB
55582738	CameraSensor::RequestFrame
55665977	CameraRGBDSensor::StartPublishRGB
55667175	CameraRGBDSensor::EndPublishRGB
55671651	CameraSensor::RequestFrame
55750710	CameraRGBDSensor::StartPublishRGB
55751304	CameraRGBDSensor::EndPublishRGB
55754180	CameraSensor::RequestFrame
55831414	CameraRGBDSensor::StartPublishRGB
55831832	CameraRGBDSensor::EndPublishRGB
55833300	CameraSensor::RequestFrame
55921036	CameraRGBDSensor::StartPublishRGB
55922993	CameraRGBDSensor::EndPublishRGB
55927504	CameraSensor::RequestFrame
56001546	CameraRGBDSensor::StartPublishRGB
56002472	CameraRGBDSensor::EndPublishRGB
56020061	CameraSensor::RequestFrame
56083482	CameraRGBDSensor::StartPublishRGB
56083907	CameraRGBDSensor::EndPublishRGB
56086736	CameraSensor::RequestFrame
56174154	CameraSensor::RequestFrame
56174956	CameraRGBDSensor::StartPublishRGB
56176340	CameraRGBDSensor::EndPublishRGB
56259100	CameraRGBDSensor::StartPublishRGB
56260112	CameraRGBDSensor::EndPublishRGB
56339896	CameraSensor::RequestFrame
56341304	CameraRGBDSensor::StartPublishRGB
56341761	CameraRGBDSensor::EndPublishRGB
56383200	CameraSensor::RequestFrame
56429070	CameraRGBDSensor::StartPublishRGB
56429535	CameraRGBDSensor::EndPublishRGB
56431404	CameraSensor::RequestFrame
56520427	CameraRGBDSensor::StartPublishRGB
56522333	CameraRGBDSensor::EndPublishRGB
56525029	CameraSensor::RequestFrame
56602508	CameraRGBDSensor::StartPublishRGB
56603102	CameraRGBDSensor::EndPublishRGB
56605101	CameraSensor::RequestFrame
56687824	CameraRGBDSensor::StartPublishRGB
56689171	CameraRGBDSensor::EndPublishRGB
56689722	CameraSensor::RequestFrame
56773921	CameraRGBDSensor::StartPublishRGB
56776703	CameraRGBDSensor::EndPublishRGB
56787224	CameraSensor::RequestFrame
56847184	CameraRGBDSensor::StartPublishRGB
56848112	CameraRGBDSensor::EndPublishRGB
56851008	CameraSensor::RequestFrame
56931645	CameraRGBDSensor::StartPublishRGB
56932120	CameraRGBDSensor::EndPublishRGB
56933808	CameraSensor::RequestFrame
57013181	CameraRGBDSensor::StartPublishRGB
57014045	CameraRGBDSensor::EndPublishRGB
57015161	CameraSensor::RequestFrame
57091250	CameraRGBDSensor::StartPublishRGB
57092338	CameraRGBDSensor::EndPublishRGB
57108288	CameraSensor::RequestFrame
57178781	CameraRGBDSensor::StartPublishRGB
57180299	CameraRGBDSensor::EndPublishRGB
57184404	CameraSensor::RequestFrame
57257971	CameraRGBDSensor::StartPublishRGB
57260610	CameraRGBDSensor::EndPublishRGB
57291249	CameraSensor::RequestFrame
57336623	CameraRGBDSensor::StartPublishRGB
57337088	CameraRGBDSensor::EndPublishRGB
57339716	CameraSensor::RequestFrame
57424753	CameraRGBDSensor::StartPublishRGB
57427106	CameraRGBDSensor::EndPublishRGB
57429998	CameraSensor::RequestFrame
57503101	CameraRGBDSensor::StartPublishRGB
57503886	CameraRGBDSensor::EndPublishRGB
57505320	CameraSensor::RequestFrame
57587764	CameraRGBDSensor::StartPublishRGB
57588565	CameraRGBDSensor::EndPublishRGB
57590690	CameraSensor::RequestFrame
57680089	CameraRGBDSensor::StartPublishRGB
57681016	CameraSensor::RequestFrame
57681640	CameraRGBDSensor::EndPublishRGB
57762509	CameraRGBDSensor::StartPublishRGB
57764149	CameraRGBDSensor::EndPublishRGB
57766876	CameraSensor::RequestFrame
57844046	CameraRGBDSensor::StartPublishRGB
57845159	CameraRGBDSensor::EndPublishRGB
57865560	CameraSensor::RequestFrame
57924223	CameraRGBDSensor::StartPublishRGB
57924667	CameraRGBDSensor::EndPublishRGB
57927045	CameraSensor::RequestFrame
58012647	CameraRGBDSensor::StartPublishRGB
58014189	CameraRGBDSensor::EndPublishRGB
58017512	CameraSensor::RequestFrame
58093105	CameraRGBDSensor::StartPublishRGB
58093616	CameraRGBDSensor::EndPublishRGB
58095113	CameraSensor::RequestFrame
58181979	CameraRGBDSensor::StartPublishRGB
58184129	CameraRGBDSensor::EndPublishRGB
58186383	CameraSensor::RequestFrame
58265808	CameraRGBDSensor::StartPublishRGB
58266270	CameraRGBDSensor::EndPublishRGB
58267294	CameraSensor::RequestFrame
58351846	CameraRGBDSensor::StartPublishRGB
58353128	CameraRGBDSensor::EndPublishRGB
58357060	CameraSensor::RequestFrame
58435985	CameraRGBDSensor::StartPublishRGB
58437862	CameraRGBDSensor::EndPublishRGB
58465259	CameraSensor::RequestFrame
58513918	CameraRGBDSensor::StartPublishRGB
58514637	CameraRGBDSensor::EndPublishRGB
58597941	CameraSensor::RequestFrame
58599491	CameraRGBDSensor::StartPublishRGB
58600064	CameraRGBDSensor::EndPublishRGB
58685726	CameraRGBDSensor::StartPublishRGB
58686106	CameraRGBDSensor::EndPublishRGB
58696467	CameraSensor::RequestFrame
58756095	CameraSensor::RequestFrame
58763780	CameraRGBDSensor::StartPublishRGB
58764181	CameraRGBDSensor::EndPublishRGB
58792203	CameraSensor::RequestFrame
58852435	CameraRGBDSensor::StartPublishRGB
58853076	CameraRGBDSensor::EndPublishRGB
58854988	CameraSensor::RequestFrame
58938309	CameraRGBDSensor::StartPublishRGB
58939647	CameraRGBDSensor::EndPublishRGB
58944005	CameraSensor::RequestFrame
59021992	CameraRGBDSensor::StartPublishRGB
59022424	CameraRGBDSensor::EndPublishRGB
59024024	CameraSensor::RequestFrame
59108220	CameraRGBDSensor::StartPublishRGB
59109839	CameraRGBDSensor::EndPublishRGB
59112662	CameraSensor::RequestFrame
59193200	CameraRGBDSensor::StartPublishRGB
59194146	CameraRGBDSensor::EndPublishRGB
59196254	CameraSensor::RequestFrame
59278382	CameraRGBDSensor::StartPublishRGB
59279781	CameraRGBDSensor::EndPublishRGB
59282904	CameraSensor::RequestFrame
59360730	CameraRGBDSensor::StartPublishRGB
59361631	CameraRGBDSensor::EndPublishRGB
59370618	CameraSensor::RequestFrame
59439862	CameraRGBDSensor::StartPublishRGB
59440803	CameraRGBDSensor::EndPublishRGB
59443961	CameraSensor::RequestFrame
59528607	CameraRGBDSensor::StartPublishRGB
59529829	CameraRGBDSensor::EndPublishRGB
59533640	CameraSensor::RequestFrame
59610012	CameraRGBDSensor::StartPublishRGB
59611231	CameraRGBDSensor::EndPublishRGB
59614008	CameraSensor::RequestFrame
59698727	CameraRGBDSensor::StartPublishRGB
59699854	CameraRGBDSensor::EndPublishRGB
59719717	CameraSensor::RequestFrame
59788239	CameraRGBDSensor::StartPublishRGB
59789760	CameraRGBDSensor::EndPublishRGB
59870632	CameraSensor::RequestFrame
59871982	CameraRGBDSensor::StartPublishRGB
59872379	CameraRGBDSensor::EndPublishRGB
59925815	CameraSensor::RequestFrame
59961572	CameraSensor::RequestFrame
59961857	CameraRGBDSensor::StartPublishRGB
59962242	CameraRGBDSensor::EndPublishRGB
60049531	CameraRGBDSensor::StartPublishRGB
60051406	CameraRGBDSensor::EndPublishRGB
60054802	CameraSensor::RequestFrame
60133478	CameraRGBDSensor::StartPublishRGB
60134620	CameraRGBDSensor::EndPublishRGB
60136125	CameraSensor::RequestFrame
60221236	CameraRGBDSensor::StartPublishRGB
60222633	CameraRGBDSensor::EndPublishRGB
60228813	CameraSensor::RequestFrame
60307946	CameraRGBDSensor::StartPublishRGB
60308931	CameraRGBDSensor::EndPublishRGB
60311185	CameraSensor::RequestFrame
60392541	CameraRGBDSensor::StartPublishRGB
60393057	CameraSensor::RequestFrame
60393622	CameraRGBDSensor::EndPublishRGB
60464637	CameraRGBDSensor::StartPublishRGB
60465414	CameraRGBDSensor::EndPublishRGB
60467846	CameraSensor::RequestFrame
60546726	CameraRGBDSensor::StartPublishRGB
60547474	CameraRGBDSensor::EndPublishRGB
60549153	CameraSensor::RequestFrame
60631207	CameraRGBDSensor::StartPublishRGB
60632915	CameraRGBDSensor::EndPublishRGB
60635731	CameraSensor::RequestFrame
60704269	CameraRGBDSensor::StartPublishRGB
60704871	CameraRGBDSensor::EndPublishRGB
60706612	CameraSensor::RequestFrame
60791042	CameraRGBDSensor::StartPublishRGB
60792756	CameraRGBDSensor::EndPublishRGB
60794799	CameraSensor::RequestFrame
60870103	CameraRGBDSensor::StartPublishRGB
60871217	CameraRGBDSensor::EndPublishRGB
60873757	CameraSensor::RequestFrame
60953021	CameraRGBDSensor::StartPublishRGB
60954644	CameraRGBDSensor::EndPublishRGB
60959206	CameraSensor::RequestFrame
61046047	CameraRGBDSensor::StartPublishRGB
61048484	CameraRGBDSensor::EndPublishRGB
61068329	CameraSensor::RequestFrame
61131884	CameraRGBDSensor::StartPublishRGB
61134188	CameraRGBDSensor::EndPublishRGB
61151646	CameraSensor::RequestFrame
61209117	CameraRGBDSensor::StartPublishRGB
61209530	CameraRGBDSensor::EndPublishRGB
61210257	CameraSensor::RequestFrame
61290246	CameraRGBDSensor::StartPublishRGB
61291941	CameraRGBDSensor::EndPublishRGB
61293038	CameraSensor::RequestFrame
61364431	CameraRGBDSensor::StartPublishRGB
61364878	CameraRGBDSensor::EndPublishRGB
61366797	CameraSensor::RequestFrame
61449537	CameraRGBDSensor::StartPublishRGB
61451448	CameraRGBDSensor::EndPublishRGB
61454096	CameraSensor::RequestFrame
61526098	CameraRGBDSensor::StartPublishRGB
61526666	CameraRGBDSensor::EndPublishRGB
61529466	CameraSensor::RequestFrame
61610924	CameraRGBDSensor::StartPublishRGB
61611584	CameraRGBDSensor::EndPublishRGB
61613860	CameraSensor::RequestFrame
61693079	CameraRGBDSensor::StartPublishRGB
61694628	CameraRGBDSensor::EndPublishRGB
61698874	CameraSensor::RequestFrame
61774522	CameraRGBDSensor::StartPublishRGB
61775176	CameraRGBDSensor::EndPublishRGB
61777151	CameraSensor::RequestFrame
61856573	CameraRGBDSensor::StartPublishRGB
61858467	CameraRGBDSensor::EndPublishRGB
61862460	CameraSensor::RequestFrame
61937983	CameraRGBDSensor::StartPublishRGB
61938873	CameraRGBDSensor::EndPublishRGB
61940273	CameraSensor::RequestFrame
62020976	CameraRGBDSensor::StartPublishRGB
62021498	CameraSensor::RequestFrame
62022363	CameraRGBDSensor::EndPublishRGB
62099700	CameraSensor::RequestFrame
62100034	CameraRGBDSensor::StartPublishRGB
62100688	CameraRGBDSensor::EndPublishRGB
62185494	CameraRGBDSensor::StartPublishRGB
62186908	CameraRGBDSensor::EndPublishRGB
62189931	CameraSensor::RequestFrame
62269340	CameraRGBDSensor::StartPublishRGB
62270516	CameraRGBDSensor::EndPublishRGB
62271046	CameraSensor::RequestFrame
62345667	CameraRGBDSensor::StartPublishRGB
62346471	CameraRGBDSensor::EndPublishRGB
62348607	CameraSensor::RequestFrame
62423286	CameraRGBDSensor::StartPublishRGB
62423677	CameraRGBDSensor::EndPublishRGB
62425788	CameraSensor::RequestFrame
62510554	CameraRGBDSensor::StartPublishRGB
62512374	CameraRGBDSensor::EndPublishRGB
62513742	CameraSensor::RequestFrame
62589348	CameraRGBDSensor::StartPublishRGB
62589519	CameraSensor::RequestFrame
62589941	CameraRGBDSensor::EndPublishRGB
62668983	CameraRGBDSensor::StartPublishRGB
62670752	CameraRGBDSensor::EndPublishRGB
62675234	CameraSensor::RequestFrame
62754345	CameraRGBDSensor::StartPublishRGB
62756295	CameraRGBDSensor::EndPublishRGB
62756910	CameraSensor::RequestFrame
62839310	CameraRGBDSensor::StartPublishRGB
62840275	CameraRGBDSensor::EndPublishRGB
62855240	CameraSensor::RequestFrame
62919666	CameraRGBDSensor::StartPublishRGB
62920855	CameraRGBDSensor::EndPublishRGB
62925324	CameraSensor::RequestFrame
63002481	CameraRGBDSensor::StartPublishRGB
63003363	CameraRGBDSensor::EndPublishRGB
63005194	CameraSensor::RequestFrame
63084567	CameraRGBDSensor::StartPublishRGB
63085997	CameraRGBDSensor::EndPublishRGB
63090256	CameraSensor::RequestFrame
63171719	CameraRGBDSensor::StartPublishRGB
63174447	CameraRGBDSensor::EndPublishRGB
63195442	CameraSensor::RequestFrame
63245344	CameraRGBDSensor::StartPublishRGB
63245803	CameraRGBDSensor::EndPublishRGB
63247316	CameraSensor::RequestFrame
63333161	CameraSensor::RequestFrame
63334611	CameraRGBDSensor::StartPublishRGB
63335524	CameraRGBDSensor::EndPublishRGB
63411674	CameraRGBDSensor::StartPublishRGB
63413044	CameraRGBDSensor::EndPublishRGB
63430610	CameraSensor::RequestFrame
63496281	CameraRGBDSensor::StartPublishRGB
63498166	CameraRGBDSensor::EndPublishRGB
63521944	CameraSensor::RequestFrame
63577633	CameraRGBDSensor::StartPublishRGB
63578396	CameraRGBDSensor::EndPublishRGB
63586527	CameraSensor::RequestFrame
63654488	CameraRGBDSensor::StartPublishRGB
63656078	CameraRGBDSensor::EndPublishRGB
63685606	CameraSensor::RequestFrame
63740976	CameraSensor::RequestFrame
63741126	CameraRGBDSensor::StartPublishRGB
63741568	CameraRGBDSensor::EndPublishRGB
63828899	CameraRGBDSensor::StartPublishRGB
63830385	CameraRGBDSensor::EndPublishRGB
63831135	CameraSensor::RequestFrame
63905267	CameraRGBDSensor::StartPublishRGB
63905964	CameraRGBDSensor::EndPublishRGB
63915038	CameraSensor::RequestFrame
63985512	CameraRGBDSensor::StartPublishRGB
63987266	CameraRGBDSensor::EndPublishRGB
63987715	CameraSensor::RequestFrame
64059412	CameraRGBDSensor::StartPublishRGB
64059849	CameraRGBDSensor::EndPublishRGB
64061297	CameraSensor::RequestFrame
64146108	CameraRGBDSensor::StartPublishRGB
64146126	CameraSensor::RequestFrame
64147481	CameraRGBDSensor::EndPublishRGB
64218732	CameraRGBDSensor::StartPublishRGB
64219443	CameraRGBDSensor::EndPublishRGB
64222510	CameraSensor::RequestFrame
64305837	CameraRGBDSensor::StartPublishRGB
64306877	CameraRGBDSensor::EndPublishRGB
64309953	CameraSensor::RequestFrame
64386044	CameraRGBDSensor::StartPublishRGB
64387275	CameraRGBDSensor::EndPublishRGB
64404677	CameraSensor::RequestFrame
64470584	CameraRGBDSensor::StartPublishRGB
64471034	CameraRGBDSensor::EndPublishRGB
64473094	CameraSensor::RequestFrame
64543243	CameraRGBDSensor::StartPublishRGB
64543712	CameraRGBDSensor::EndPublishRGB
64546259	CameraSensor::RequestFrame
64624128	CameraRGBDSensor::StartPublishRGB
64624931	CameraRGBDSensor::EndPublishRGB
64628534	CameraSensor::RequestFrame
64708223	CameraRGBDSensor::StartPublishRGB
64709155	CameraRGBDSensor::EndPublishRGB
64713984	CameraSensor::RequestFrame
64791776	CameraRGBDSensor::StartPublishRGB
64792233	CameraRGBDSensor::EndPublishRGB
64793345	CameraSensor::RequestFrame
64879252	CameraRGBDSensor::StartPublishRGB
64880808	CameraRGBDSensor::EndPublishRGB
64882602	CameraSensor::RequestFrame
64953349	CameraRGBDSensor::StartPublishRGB
64954093	CameraRGBDSensor::EndPublishRGB
64957041	CameraSensor::RequestFrame
65042587	CameraRGBDSensor::StartPublishRGB
65044008	CameraRGBDSensor::EndPublishRGB
65047893	CameraSensor::RequestFrame
65123631	CameraRGBDSensor::StartPublishRGB
65124077	CameraRGBDSensor::EndPublishRGB
65125417	CameraSensor::RequestFrame
65203786	CameraRGBDSensor::StartPublishRGB
65204239	CameraRGBDSensor::EndPublishRGB
65207233	CameraSensor::RequestFrame
65286134	CameraRGBDSensor::StartPublishRGB
65287213	CameraRGBDSensor::EndPublishRGB
65290699	CameraSensor::RequestFrame
65367163	CameraRGBDSensor::StartPublishRGB
65367928	CameraRGBDSensor::EndPublishRGB
65370479	CameraSensor::RequestFrame
65445863	CameraRGBDSensor::StartPublishRGB
65447091	CameraRGBDSensor::EndPublishRGB
65449616	CameraSensor::RequestFrame
65531388	CameraRGBDSensor::StartPublishRGB
65532561	CameraRGBDSensor::EndPublishRGB
65535777	CameraSensor::RequestFrame
65617219	CameraRGBDSensor::StartPublishRGB
65618677	CameraRGBDSensor::EndPublishRGB
65619966	CameraSensor::RequestFrame
65698379	CameraRGBDSensor::StartPublishRGB
65700498	CameraRGBDSensor::EndPublishRGB
65736779	CameraSensor::RequestFrame
65784824	CameraRGBDSensor::StartPublishRGB
65787029	CameraRGBDSensor::EndPublishRGB
65794153	CameraSensor::RequestFrame
65866748	CameraRGBDSensor::StartPublishRGB
65867871	CameraRGBDSensor::EndPublishRGB
65869903	CameraSensor::RequestFrame
65947679	CameraSensor::RequestFrame
65947989	CameraRGBDSensor::StartPublishRGB
65948372	CameraRGBDSensor::EndPublishRGB
66032156	CameraRGBDSensor::StartPublishRGB
66033760	CameraRGBDSensor::EndPublishRGB
66039246	CameraSensor::RequestFrame
66114511	CameraRGBDSensor::StartPublishRGB
66115087	CameraRGBDSensor::EndPublishRGB
66115455	CameraSensor::RequestFrame
66200801	CameraRGBDSensor::StartPublishRGB
66202711	CameraRGBDSensor::EndPublishRGB
66206258	CameraSensor::RequestFrame
66288679	CameraRGBDSensor::StartPublishRGB
66291668	CameraRGBDSensor::EndPublishRGB
66315559	CameraSensor::RequestFrame
66361941	CameraRGBDSensor::StartPublishRGB
66362429	CameraRGBDSensor::EndPublishRGB
66364095	CameraSensor::RequestFrame
66448827	CameraRGBDSensor::StartPublishRGB
66450394	CameraRGBDSensor::EndPublishRGB
66453640	CameraSensor::RequestFrame
66538399	CameraRGBDSensor::StartPublishRGB
66541902	CameraRGBDSensor::EndPublishRGB
66572187	CameraSensor::RequestFrame
66611599	CameraRGBDSensor::StartPublishRGB
66613101	CameraRGBDSensor::EndPublishRGB
66642711	CameraSensor::RequestFrame
66695414	CameraRGBDSensor::StartPublishRGB
66695815	CameraRGBDSensor::EndPublishRGB
66768201	CameraRGBDSensor::StartPublishRGB
66768615	CameraRGBDSensor::EndPublishRGB
